UF,ANO,NOME,local,não_local,dentro_regiao_saude,dentro_macrorregiao_saude,fora_macrorregiao_saude,outra_uf,destino_total,km_partos_fora_municipio,km_partos_fora_municipio_alta_complexidade,km_partos_fora_municipio_baixa_complexidade,km_partos_na_região,km_partos_na_região_alta_complexidade,km_partos_na_região_baixa_complexidade,km_partos_na_macrorregião,km_partos_na_macrorregião_alta_complexidade,km_partos_na_macrorregião_baixa_complexidade,km_partos_fora_macrorregião,km_partos_fora_macrorregião_alta_complexidade,km_partos_fora_macrorregião_baixa_complexidade,km_partos_fora_UF,km_partos_fora_UF_alta_complexidade,km_partos_fora_UF_baixa_complexidade
11.0,2012, Rondônia,20413.0,6100.0,4243.0,1092.0,495.0,270.0,26513.0,64.4156,203.5818,59.2458,54.5688,52.2041684925728,66.3496651151563,179.7404,223.1,123.8126,480.0495,481.7105,360.72545,510.8572,510.8572,510.8572
11.0,2013, Rondônia,20730.0,6367.0,4380.0,1226.0,555.0,206.0,27097.0,64.99,131.01682968376,59.5028,57.0634,66.3496651151563,54.5688,179.7404,208.0819,114.0612,480.0495,483.308,334.3138,510.8572,510.8572,510.8572
11.0,2014, Rondônia,20512.0,7048.0,4816.0,1333.0,649.0,250.0,27560.0,77.3936,203.5818,61.6844,59.2458,94.9454278441452,57.0634,203.5818,223.1,123.8126,480.0495,483.308,302.1936,510.8572,510.8572,510.8572
11.0,2015, Rondônia,20170.0,7748.0,5146.0,1566.0,739.0,297.0,27918.0,85.8202380642772,203.5818,63.566,59.5028,94.9454278441452,58.2922,180.7941,223.1,122.2693,480.0495,483.308,353.1487,510.8572,510.8572,510.8572
11.0,2016, Rondônia,18951.0,7651.0,5165.0,1552.0,698.0,236.0,26602.0,85.8202380642772,203.5818,62.5769,61.2882,94.9454278441452,58.2922,186.1847,223.1,122.8315,457.4312,483.308,283.7651,510.8572,543.3227,510.8572
11.0,2017, Rondônia,20029.0,7474.0,5157.0,1454.0,581.0,282.0,27503.0,75.15,131.01682968376,61.2882,59.5028,94.9454278441452,57.0634,179.7404,223.1,123.8126,409.766,480.0495,302.1936,510.8572,757.296,510.8572
11.0,2018, Rondônia,20762.0,7329.0,5121.0,1325.0,577.0,306.0,28091.0,71.9963205214074,115.769463691576,61.6844,59.5028,94.9454278441452,57.0634,159.5067,231.375,110.5588,430.8257,483.308,334.3138,510.8572,510.8572,510.8572
11.0,2019, Rondônia,19998.0,7030.0,4829.0,1310.0,551.0,340.0,27028.0,70.7999,115.769463691576,61.6844,59.5028,94.9454278441452,65.0854470458303,170.61515,223.1,112.591,409.766,481.7105,261.9043,510.8572,757.296,510.8572
11.0,2020, Rondônia,19090.0,6708.0,4573.0,1323.0,443.0,369.0,25798.0,66.3496651151563,115.769463691576,61.6844,59.2458,94.9454278441452,57.0634,147.1197,223.1,126.7395,480.0495,483.308,293.9659,510.8572,510.8572,510.8572
12.0,2012, Acre,13096.0,3604.0,3148.0,429.0,0.0,27.0,16700.0,72.9459,84.7060513046505,60.4966,60.4966,60.4966,60.4966,234.3166,230.9522,234.3166,0,0,0,510.8572,2897.2904,223.1406
12.0,2013, Acre,13357.0,3718.0,3272.0,406.0,0.0,40.0,17075.0,72.9459,82.2347,60.4966,60.4966,60.4966,60.4966,234.3166,230.9522,234.3166,0,0,0,425.65695,1907.6322,392.3086
12.0,2014, Acre,13254.0,3885.0,3461.0,395.0,0.0,29.0,17139.0,60.4966,82.2347,60.4966,60.4966,60.4966,60.4966,230.9522,230.9522,230.9522,0,0,0,459.0053,3098.9591,392.3086
12.0,2015, Acre,12935.0,4045.0,3545.0,469.0,0.0,31.0,16980.0,72.9459,82.2347,72.9459,60.4966,60.4966,60.4966,234.3166,230.9522,234.3166,0,0,0,510.8572,3650.632,510.8572
12.0,2016, Acre,11950.0,3823.0,3318.0,463.0,0.0,42.0,15773.0,72.9459,84.7060513046505,72.9459,60.4966,60.4966,60.4966,230.9522,230.9522,230.9522,0,0,0,425.65695,3134.00705,392.3086
12.0,2017, Acre,12172.0,4186.0,3675.0,473.0,0.0,38.0,16358.0,72.9459,82.2347,72.9459,60.4966,60.4966,60.4966,230.9522,234.3166,230.9522,0,0,0,510.8572,3374.79555,392.3086
12.0,2018, Acre,12349.0,4194.0,3727.0,430.0,0.0,37.0,16543.0,72.9459,82.2347,72.9459,60.4966,60.4966,60.4966,226.9878,230.9522,226.9878,0,0,0,459.0053,3228.64875,392.3086
12.0,2019, Acre,12037.0,4243.0,3796.0,418.0,0.0,29.0,16280.0,72.9459,60.4966,72.9459,60.4966,60.4966,73.7368464423373,230.9522,234.3166,226.9878,0,0,0,701.964,2431.4478,392.3086
12.0,2020, Acre,11164.0,3978.0,3519.0,445.0,0.0,14.0,15142.0,72.9459,82.2347,71.7264,60.4966,60.4966,60.4966,226.9878,230.9522,226.9878,0,0,0,1983.1237,3650.632,510.8572
13.0,2012, Amazonas,72909.0,4525.0,2611.0,472.0,613.0,829.0,77434.0,105.0942,125.7539,101.5978,80.6207,80.6207,80.6207,101.5978,101.5978,101.5978,267.9083,267.9083,267.9083,223.1406,223.1406,223.1406
13.0,2013, Amazonas,74531.0,4510.0,2879.0,493.0,484.0,654.0,79041.0,101.5978,125.7539,94.6299,80.6207,80.6207,65.2453363226739,101.5978,101.5978,130.518510905557,267.9083,267.9083,267.9083,214.2295,223.1406,100.1685
13.0,2014, Amazonas,76032.0,5113.0,3268.0,555.0,587.0,703.0,81145.0,101.5978,125.9933,89.8638,80.6207,125.9933,67.7886,130.518510905557,101.5978,130.518510905557,267.9083,337.0199,267.9083,205.3184,223.1406,21.8444
13.0,2015, Amazonas,74965.0,5132.0,3386.0,497.0,581.0,668.0,80097.0,101.5978,125.9933,89.8638,80.6207,125.9933,65.2453363226739,101.5978,101.5978,101.5978,267.9083,322.9488,267.9083,205.3184,223.1406,56.06395
13.0,2016, Amazonas,71174.0,5529.0,3582.0,754.0,576.0,617.0,76703.0,101.5978,125.9933,80.6207,50.4066,125.7539,50.4066,101.5978,101.5978,101.5978,267.9083,337.0199,267.9083,205.3184,223.1406,21.8444
13.0,2017, Amazonas,72294.0,5772.0,3838.0,587.0,669.0,678.0,78066.0,101.5978,125.9933,89.8638,65.2453363226739,125.7539,50.4066,101.5978,101.5978,101.5978,267.9083,337.0199,267.9083,205.3184,223.1406,21.8444
13.0,2018, Amazonas,72212.0,5875.0,3798.0,684.0,696.0,697.0,78087.0,101.5978,125.9933,89.8638,65.2453363226739,125.7539,50.4066,101.5978,130.518510905557,101.5978,267.9083,322.9488,267.9083,223.1406,223.1406,223.1406
13.0,2019, Amazonas,72005.0,5617.0,3633.0,667.0,610.0,707.0,77622.0,100.1685,125.9933,89.8638,50.4066,125.7539,103.937030200965,101.5978,130.518510905557,101.5978,267.9083,332.0211,267.9083,223.1406,223.1406,223.1406
13.0,2020, Amazonas,70742.0,4893.0,3250.0,433.0,527.0,683.0,75635.0,89.8638,125.9933,80.6207,65.2453363226739,125.7539,50.4066,130.518510905557,116.058155452779,130.518510905557,267.9083,347.9434,267.9083,223.1406,271.9164,100.1685
14.0,2012, Roraima,7958.0,2643.0,1621.0,979.0,0.0,43.0,10601.0,138.9928,864.1031,138.9928,124.1228,124.1228,0.0,296.6059,0.0,296.6059,0,0,0,660.71089331999,864.1031,601.492293363698
14.0,2013, Roraima,7864.0,2950.0,1917.0,987.0,4.0,42.0,10814.0,138.9928,864.1031,138.9928,124.1228,0.0,124.1228,296.6059,0.0,296.6059,  NA,0,  NA,864.1031,864.1031,864.1031
14.0,2014, Roraima,8246.0,2874.0,1917.0,925.0,2.0,30.0,11120.0,138.9928,303.14055,138.9928,124.1228,71.91255,124.1228,296.6059,296.6059,296.6059,  NA,0,0,864.1031,4028.57663119218,631.101593341844
14.0,2015, Roraima,8552.0,2860.0,2074.0,758.0,1.0,27.0,11412.0,138.9928,296.6059,138.9928,124.1228,27.3561457869889,124.1228,138.9928,296.6059,138.9928,0,0,0,1191.10713869044,3591.89898530008,1191.10713869044
14.0,2016, Roraima,8668.0,2708.0,2078.0,602.0,0.0,28.0,11376.0,138.9928,296.6059,138.9928,124.1228,214.2142,124.1228,138.9928,296.6059,138.9928,0,0,0,864.1031,3591.89898530008,770.630278722251
14.0,2017, Roraima,8882.0,2855.0,2202.0,616.0,0.0,37.0,11737.0,138.9928,601.492293363698,138.9928,124.1228,85.1853,124.1228,138.9928,351.4963,138.9928,0,0,0,725.182,4129.59170845623,639.324875404099
14.0,2018, Roraima,10408.0,2936.0,2283.0,604.0,0.0,49.0,13344.0,138.9928,864.1031,138.9928,124.1228,27.3561457869889,124.1228,138.9928,296.6059,138.9928,0,0,0,864.1031,4028.40966590646,619.783140069786
14.0,2019, Roraima,11288.0,3332.0,2707.0,575.0,0.0,50.0,14620.0,127.2469,663.337146681849,127.2469,124.1228,58.6398,136.993268878847,138.9928,138.9928,138.9928,0,0,0,864.1031,864.1031,864.1031
14.0,2020, Roraima,10664.0,3096.0,2551.0,518.0,0.0,27.0,13760.0,127.2469,104.65405,127.2469,124.1228,58.6398,124.1228,138.9928,351.4963,138.9928,0,0,0,864.1031,864.1031,934.54445
15.0,2012, Pará,108289.0,29548.0,20106.0,2970.0,4509.0,1963.0,137837.0,56.6451,65.9178,51.5030452679995,31.2385,36.869,20.8434,157.769439689058,161.149358927486,130.051,114.6531,114.6531,106.0903,233.2105,243.5271,167.196544180084
15.0,2013, Pará,108914.0,30502.0,20249.0,3023.0,5159.0,2071.0,139416.0,56.4153,63.5412,55.0853,25.8901,19.8355,41.8492,157.769439689058,161.149358927486,130.0303,115.225,116.0377,106.0903,206.3682,243.5271,168.825961045145
15.0,2014, Pará,111408.0,32095.0,20722.0,3544.0,5516.0,2313.0,143503.0,61.4385,64.8821451337,56.6672,31.6384,19.8355,42.6201943911059,157.769439689058,161.149358927486,131.7445,114.6531,124.3423,104.0193,206.3682,236.3027,200.480982592815
15.0,2015, Pará,110630.0,33027.0,20563.0,3917.0,6148.0,2399.0,143657.0,64.8821451337,65.9178,61.4385,34.2419,19.8355,48.0748,157.769439689058,161.149358927486,116.08265,114.6531,125.4156,98.1645,207.6456,246.0827,200.480982592815
15.0,2016, Pará,105443.0,32238.0,19646.0,3793.0,6531.0,2268.0,137681.0,64.8821451337,71.4109,63.5412,34.2419,19.8355,48.9225,157.769439689058,161.149358927486,104.90495,115.225,125.4156,98.1645,207.6456,241.551,200.480982592815
15.0,2017, Pará,105968.0,32716.0,19703.0,3729.0,6918.0,2366.0,138684.0,64.8821451337,73.0793,61.4385,31.2385,19.8355,48.0748,157.769439689058,161.149358927486,100.0926,116.0377,125.4156,103.1025,200.480982592815,234.7566,200.480982592815
15.0,2018, Pará,107062.0,34757.0,20864.0,3957.0,7285.0,2651.0,141819.0,65.9178,65.9178,61.4385,34.2419,19.8355,48.0748,157.769439689058,157.769439689058,116.7567,118.5261,125.4156,104.3952,207.6456,200.480982592815,207.6456
15.0,2019, Pará,104114.0,34227.0,21521.0,3149.0,7034.0,2523.0,138341.0,64.8821451337,66.5132623500273,56.6672,34.8642,20.778,68.2698523860006,157.769439689058,161.149358927486,124.064599425957,125.4156,128.9269,106.0903,207.6456,236.3027,206.3682
15.0,2020, Pará,100263.0,32675.0,21458.0,3055.0,5980.0,2182.0,132938.0,63.5412,65.8064,56.83,36.9037,23.9948,51.7757,145.1726,157.769439689058,116.7567,116.0377,125.4156,106.0903,243.5271,233.2105,324.996
16.0,2012, Amapá,12673.0,2222.0,1010.0,1159.0,1.0,52.0,14895.0,34.7156,101.9617,27.0658,115.9282,27.0658,115.9282,21.3422,21.3422,168.8567,  NA,  NA,0,243.5271,1609.68126490743,134.4559
16.0,2013, Amapá,13031.0,2679.0,1189.0,1458.0,1.0,31.0,15710.0,34.7156,21.3422,115.9282,115.9282,20.5911444590504,115.9282,21.3422,21.3422,34.7156,  NA,0,  NA,395.62,441.893161780702,264.5521
16.0,2014, Amapá,13540.0,2731.0,1253.0,1453.0,0.0,25.0,16271.0,34.7156,21.3422,95.5823,115.9282,137.7511,115.9282,21.3422,21.3422,34.7156,0,0,0,441.893161780702,441.893161780702,264.5521
16.0,2015, Amapá,13071.0,2679.0,1182.0,1454.0,3.0,40.0,15750.0,34.7156,21.3422,34.7156,101.9617,137.7511,101.9617,21.3422,21.3422,34.7156,0,0,0,441.893161780702,568.190580890351,264.5521
16.0,2016, Amapá,13164.0,2357.0,1084.0,1241.0,0.0,32.0,15521.0,34.7156,21.3422,34.7156,115.9282,137.7511,101.9617,21.3422,21.3422,34.7156,0,0,0,441.893161780702,441.893161780702,134.4559
16.0,2017, Amapá,12612.0,2787.0,1168.0,1573.0,0.0,46.0,15399.0,34.7156,21.3422,34.7156,115.9282,115.9282,115.9282,21.3422,21.3422,34.7156,0,0,0,277.3197,441.893161780702,264.5521
16.0,2018, Amapá,12788.0,3076.0,1407.0,1633.0,0.0,36.0,15864.0,34.7156,21.3422,115.9282,115.9282,20.5911444590504,115.9282,21.3422,21.3422,34.7156,0,0,0,264.5521,444.205215940088,188.9915
16.0,2019, Amapá,12285.0,3071.0,1398.0,1634.0,0.0,39.0,15356.0,34.7156,101.9617,27.0658,115.9282,115.9282,36.9541900441946,21.3422,21.3422,213.3079,0,0,0,473.548183328372,2197.55265,264.5521
16.0,2020, Amapá,11595.0,3038.0,1369.0,1623.0,0.0,46.0,14633.0,34.7156,101.9617,27.0658,115.9282,115.9282,27.0658,21.3422,21.3422,231.4122,0,0,0,439.469830890351,1926.58467351581,264.5521
17.0,2012, Tocantins,13569.0,10826.0,7346.0,2139.0,308.0,1033.0,24395.0,73.7345,97.3415,68.2323,62.0941,53.7919,73.7345,131.1533,131.1533,127.4369,220.6696,402.7451,220.6696,65.3903,123.19325,54.3185
17.0,2013, Tocantins,13688.0,10431.0,7005.0,2150.0,274.0,1002.0,24119.0,76.4037,102.7623,68.2323,63.5999,73.6137,61.3869,129.4048,128.0988,129.4048,220.6696,438.1343,220.6696,54.3185,100.2746,44.1654
17.0,2014, Tocantins,13940.0,11004.0,7061.0,2537.0,292.0,1114.0,24944.0,74.6598,102.7623,68.2323,62.9327,73.7345,53.6542,131.1533,131.1533,144.8431,220.6696,386.0443,220.6696,56.2643,100.2746,54.3185
17.0,2015, Tocantins,13806.0,11304.0,7085.0,2732.0,306.0,1181.0,25110.0,81.03,105.846,68.4155,66.87,73.7345,61.3869,131.1533,128.0988,144.8431,220.6696,386.0443,190.4246,56.2643,100.2746,46.356
17.0,2016, Tocantins,12654.0,11216.0,6653.0,3103.0,334.0,1126.0,23870.0,87.9441,108.1577,76.4037,70.6539,73.7345,61.7759,139.6622,128.0988,157.1277,220.6696,304.04965,190.4246,65.3903,105.846,54.3185
17.0,2017, Tocantins,13125.0,11810.0,6846.0,3400.0,348.0,1216.0,24935.0,87.9441,108.1577,75.4446791226102,71.5512,73.7345,63.5999,139.6622,139.6622,134.7387,220.6696,339.40465,220.6696,65.3903,100.2746,65.3903
17.0,2018, Tocantins,13384.0,12096.0,6690.0,3856.0,368.0,1182.0,25480.0,90.9009,108.1577,78.1428,72.1414,73.7345,63.5999,145.871,140.213866449236,172.0653,220.6696,359.016,220.6696,65.3903,111.84775,65.3903
17.0,2019, Tocantins,12514.0,11935.0,6291.0,4186.0,375.0,1083.0,24449.0,96.059,108.1577,82.0407,73.7345,73.7345,77.0292486462702,141.8099,139.6622,160.1714,220.6696,220.6696,190.4246,65.3903,100.2746,54.3185
17.0,2020, Tocantins,12107.0,11622.0,6349.0,4056.0,403.0,814.0,23729.0,89.8094,108.1577,78.1428,70.6539,73.7345,61.3869,133.8055,128.0988,148.7202,220.6696,220.6696,190.4246,65.3903,100.2746,56.2643
21.0,2012, Maranhão,87365.0,28674.0,19640.0,5021.0,1019.0,2994.0,116039.0,40.2618,51.6264,40.2618,31.3567,32.4988,29.7253,102.879,148.31553634116,100.5815,86.7044,286.61285,84.6172652466059,57.557389151173,72.3221,40.3010911441744
21.0,2013, Maranhão,85825.0,29175.0,19761.0,5223.0,1138.0,3053.0,115000.0,40.9426520857181,68.1559,40.2618,31.0688,30.7115,31.2381,104.7935,124.010862847293,100.5815,86.7044,248.7883,80.7614,57.557389151173,72.3221,26.5736
21.0,2014, Maranhão,86262.0,30809.0,20936.0,5717.0,1199.0,2957.0,117071.0,41.8863,59.2806,41.8863,31.0688,30.7115,31.3567,106.1066,117.4942,104.7935,100.9076,320.7834,86.7044,57.557389151173,14.4927633901957,67.4169
21.0,2015, Maranhão,85014.0,32550.0,22139.0,6392.0,1215.0,2804.0,117564.0,42.2747,67.7616,41.8863,30.7691,30.7115,30.9122,105.0217,130.9438,104.7935,116.57225,277.5295,106.049,57.557389151173,72.3221,57.557389151173
21.0,2016, Maranhão,76898.0,33595.0,21966.0,7196.0,1298.0,3135.0,110493.0,45.2786864393056,59.2806,44.6498875836786,30.9122,30.7115,31.2381,109.0741,156.9019,105.0217,106.0845,319.083,106.049,57.557389151173,57.557389151173,49.4906
21.0,2017, Maranhão,78577.0,34408.0,22364.0,7248.0,1701.0,3095.0,112985.0,46.3658,67.7616,46.1409,31.0688,30.7115,33.6276,111.2616,175.4585,100.5709,106.049,304.7252,90.232,57.557389151173,57.557389151173,61.7813238090208
21.0,2018, Maranhão,81251.0,35905.0,23685.0,7409.0,1598.0,3213.0,117156.0,46.1409,74.362279875882,43.336,31.0688,30.7115,32.4988,114.2579,178.3107,100.5815,116.7552,297.8567,86.7044,57.557389151173,14.4927633901957,72.3221
21.0,2019, Maranhão,77577.0,35740.0,24253.0,6927.0,1518.0,3042.0,113317.0,46.1622,85.9903,43.32365,32.4988,30.7115,44.5343308167103,114.2579,178.3107,100.5709,116.7552,336.085,84.6172652466059,67.4169,57.557389151173,72.3221
21.0,2020, Maranhão,72122.0,33957.0,22884.0,6484.0,1529.0,3060.0,106079.0,46.3644,85.9903,43.336,32.2434,30.7115,32.8179,115.602,178.3107,100.5815,116.7552,322.4838,75.7975,67.4169,57.557389151173,72.3221
22.0,2012, Piauí,28484.0,19478.0,15112.0,1405.0,2481.0,480.0,47962.0,65.7705,98.627,51.8732,54.273,50.9611,72.014,101.3591,115.2442,85.0602,189.3052,199.6271,84.1283,59.9377,287.7558,59.7825
22.0,2013, Piauí,27311.0,19108.0,14606.0,1356.0,2771.0,375.0,46419.0,69.5281,101.8219,51.8753,54.273,71.7474,50.5201,109.1107,126.1038,97.6411,189.3052,207.1748,110.9327,80.7238,287.09365,56.9685
22.0,2014, Piauí,27707.0,20234.0,15445.0,1421.0,3026.0,342.0,47941.0,69.5281,98.627,52.4071,54.273,65.7705,51.8732,111.9356,133.1866,88.961,191.8292,208.5504,92.8651,90.98275,308.98135,59.7825
22.0,2015, Piauí,28011.0,21242.0,16178.0,1619.0,3135.0,310.0,49253.0,69.8756,97.1103,53.1245,54.273,65.7705,51.8732,113.3712,136.4863,100.3217,199.6271,225.6784,127.0357,59.7825,403.1497,56.38
22.0,2016, Piauí,27024.0,19962.0,15059.0,1617.0,2921.0,365.0,46986.0,69.8756,102.8041,53.2887,54.273,68.9992,51.7991,115.1648,152.6524,101.3591,207.1748,233.6598,127.0357,72.3221,230.7831,59.7825
22.0,2017, Piauí,27963.0,20588.0,15491.0,1889.0,2773.0,435.0,48551.0,70.2447,98.627,60.2828,56.4092,69.8756,52.3701,136.4863,189.8503,97.6411,194.6319,207.1748,180.7399,59.7825,174.4028,51.5394
22.0,2018, Piauí,27990.0,21500.0,16180.0,2220.0,2664.0,436.0,49490.0,69.8756,97.8016,60.2828,56.6616,68.9649,52.3701,138.7917,189.8503,91.8841,186.0721,189.3052,169.7991,58.6479,178.6971,56.38
22.0,2019, Piauí,26628.0,21305.0,15885.0,2375.0,2606.0,439.0,47933.0,70.2447,100.5378,59.7007,59.6534,69.8756,63.9930036768461,138.7917,189.8503,107.8381,192.473,207.1748,172.9371,59.7825,204.7098,56.38
22.0,2020, Piauí,25028.0,20201.0,14877.0,2428.0,2508.0,388.0,45229.0,76.3986,94.3201,60.9305,60.9305,69.8756,52.4071,144.85,184.0801,100.3217,192.473,207.1748,180.7399,81.79075,87.26445,74.5216
23.0,2012, Ceará,88555.0,38313.0,23646.0,11742.0,2462.0,463.0,126868.0,42.9436,50.0721,38.1959,38.2588,34.6441,45.9573,50.0721,52.7402,42.8951,169.6148,212.3084,102.0877,100.8572,90.8422,115.58
23.0,2013, Ceará,86989.0,37887.0,24061.0,11122.0,2285.0,419.0,124876.0,44.157,52.7402,37.3835,38.2588,44.5082,34.8796,52.7402,55.9577,50.0721,169.6864,212.3084,111.4373,90.8422,61.9241,107.0245
23.0,2014, Ceará,87656.0,41025.0,25740.0,12458.0,2369.0,458.0,128681.0,42.5939,49.9684,37.3835,38.2588,44.157,34.436,51.1905,52.7402,49.0555,169.6864,212.3084,102.0877,109.12415,76.7682,115.58
23.0,2015, Ceará,89226.0,43290.0,26400.0,14000.0,2479.0,411.0,132516.0,40.5328,48.1572,34.8796,37.3835,44.157,33.0914,40.9783,50.0721,35.0362,169.6864,212.3084,118.6686,107.0245,89.2446,115.58
23.0,2016, Ceará,83181.0,43065.0,26465.0,13767.0,2386.0,447.0,126246.0,41.7616,49.9684,36.96695,38.1959,44.5082,33.6481,49.0555,52.7402,40.9783,183.5003,212.3084,149.33385,90.8422,89.2446,107.0245
23.0,2017, Ceará,84283.0,43514.0,27479.0,13317.0,2283.0,435.0,127797.0,41.9954,53.2763,34.8796,38.1959,44.5082,33.4835,51.7955,55.9577,35.1024,183.5003,200.7679,107.4631,90.8422,76.7682,115.58
23.0,2018, Ceará,84421.0,47070.0,29948.0,13909.0,2741.0,472.0,131491.0,42.9436,55.9577,34.6441,37.3835,45.9573,32.4542,52.7402,70.1555,41.1663,178.7407,203.5466,111.1801,90.8422,89.2446,115.58
23.0,2019, Ceará,82467.0,46718.0,29421.0,13901.0,2913.0,483.0,129185.0,42.9436,55.9577,34.436,38.1959,45.9573,41.3556391263307,52.7402,62.2307,35.0362,170.6527,200.7679,100.64145,89.2446,86.437,102.0505
23.0,2020, Ceará,77328.0,44576.0,27299.0,14014.0,2758.0,505.0,121904.0,44.157,53.2763,37.0771,38.2588,44.157,33.4835,51.7955,55.9577,42.5461,169.6864,183.5003,120.825,73.2013,89.2446,55.7117
24.0,2012, Rio Grande do Norte,27020.0,19973.0,11409.0,7524.0,891.0,149.0,46993.0,41.495,51.8225,33.5969,27.0942,28.6875,23.5189,74.5324,74.7675,60.5388,203.7155,251.33165,84.7052,138.6733,239.4912,47.3561
24.0,2013, Rio Grande do Norte,26549.0,20249.0,12150.0,7275.0,635.0,189.0,46798.0,41.495,50.2707,36.6535,28.6875,23.5189,31.4223,74.5324,74.6607,63.6148,191.9381,211.23065,91.7871,112.5294,239.4912,46.0314
24.0,2014, Rio Grande do Norte,26426.0,21685.0,13348.0,7217.0,951.0,169.0,48111.0,41.6983,50.2707,36.6535,29.0794,23.5189,31.4223,77.5416,77.5416,74.168,141.1851,215.4549,62.2285,147.6836,239.4912,46.0314
24.0,2015, Rio Grande do Norte,26438.0,22661.0,13625.0,7973.0,861.0,202.0,49099.0,42.6315,50.2707,40.7649,30.3576,23.5189,32.5607,75.1782,77.5416,74.1389,172.7041,210.2901,62.2285,112.5294,239.4912,46.0314
24.0,2016, Rio Grande do Norte,24437.0,20929.0,12652.0,7489.0,624.0,164.0,45366.0,42.6315,50.2707,40.5469,31.4223,26.6889,32.4209,74.7675,77.5416,71.0527,180.6092,191.9381,91.7871,159.7075,239.4912,46.0314
24.0,2017, Rio Grande do Norte,24049.0,22173.0,13329.0,8083.0,606.0,155.0,46222.0,44.1476,51.5935,40.8345,29.6126,23.5189,32.4209,77.5416,79.3954,74.1389,199.67865,210.2901,114.9962,176.1527,239.4912,53.0493
24.0,2018, Rio Grande do Norte,24987.0,23120.0,14062.0,8295.0,605.0,158.0,48107.0,46.0947,54.7231,42.6315,33.654,29.0794,34.3051,79.3954,79.3954,79.4196,191.9381,180.6092,195.2653,119.21085,239.4912,56.863
24.0,2019, Rio Grande do Norte,22662.0,21369.0,12925.0,7805.0,452.0,187.0,44031.0,46.8206,56.0543,42.6315,36.6535,36.9739,38.6000594409862,79.4196,80.2165,79.4196,180.6092,180.6092,295.4858,112.0061,268.344,46.0314
24.0,2020, Rio Grande do Norte,22206.0,21325.0,13099.0,7660.0,407.0,159.0,43531.0,49.301,62.6855,42.6315,36.9739,36.9739,40.5871,80.2165,80.7871,76.0416,180.6092,180.6092,295.4858,108.2213,166.2946,46.0314
25.0,2012, Paraíba,28464.0,28306.0,15186.0,9984.0,1938.0,1198.0,56770.0,43.2581,46.8288,37.708,30.0945,30.6168,28.2447,60.0952,62.3266,50.0301,72.8312,87.4236,69.6516,55.7954,117.7856,47.1632
25.0,2013, Paraíba,28573.0,28281.0,15289.0,10083.0,1992.0,917.0,56854.0,44.2942,46.8288,38.2414,30.6168,30.6498,30.6168,61.1198,62.3266,56.4789,72.8312,81.5549,60.5057,48.3888,117.7856,41.2722
25.0,2014, Paraíba,28414.0,29121.0,15757.0,10367.0,1988.0,1009.0,57535.0,44.8741,48.4069,31.2464,30.3351,31.7984,29.4699,61.1198,61.1198,51.4272,78.4763,81.5549,51.2103,55.3757,89.437,42.9559
25.0,2015, Paraíba,29537.0,29552.0,16824.0,9769.0,2016.0,943.0,59089.0,42.4049,47.1117,30.8212,30.1338,31.7984,29.4699,61.1198,61.1198,50.1692,72.8312,74.1323,47.7976,56.3862,75.6735,53.6055
25.0,2016, Paraíba,28234.0,27849.0,16047.0,9117.0,1756.0,929.0,56083.0,41.5398,44.8741,31.3556,30.6168,31.7984,29.7105,57.9314,57.4423,59.8928,72.8312,72.8312,40.2656,58.1211,75.6735,58.1211
25.0,2017, Paraíba,29108.0,28385.0,16614.0,9244.0,1697.0,830.0,57493.0,41.9684,45.3736,31.2464,30.515,33.0719,28.6868,60.0952,59.62185,63.0561,72.8312,72.6777,131.1919,65.4063,102.6668,56.3862
25.0,2018, Paraíba,30380.0,29825.0,17525.0,9535.0,1783.0,982.0,60205.0,40.5657,44.6279,31.3556,30.1149,31.7984,29.4699,58.3917,57.4423,63.0561,72.8312,72.8312,140.9172,65.4063,102.289,56.3862
25.0,2019, Paraíba,28934.0,28767.0,17217.0,8816.0,1670.0,1064.0,57701.0,40.2226,44.2942,31.3556,30.1338,31.7984,31.4442832571996,57.4423,57.1222,66.1191,72.8312,72.8312,229.0301,72.7769,107.508,67.5076
25.0,2020, Paraíba,28326.0,28053.0,17304.0,8239.0,1517.0,993.0,56379.0,39.5731,43.2581,33.2307,30.1338,31.7984,29.7105,61.1198,60.0952,68.3416,72.8312,72.8312,244.5315,73.0522,112.988,65.4063
26.0,2012, Pernambuco,70989.0,70393.0,51291.0,10161.0,7280.0,1661.0,141382.0,29.8527,33.9457,29.0571,23.8586,23.8586,23.8586,74.6701,83.3585,66.0183,133.9918,151.9801,101.2754,57.9111,61.1344,57.9111
26.0,2013, Pernambuco,69782.0,71671.0,53206.0,10002.0,6661.0,1802.0,141453.0,31.089,29.1782,33.5347,23.8586,23.8586,23.8586,71.4644,82.7269,64.3757,133.9918,178.2883,88.3927,61.696,62.6321,61.696
26.0,2014, Pernambuco,69120.0,74369.0,53171.0,11218.0,7765.0,2215.0,143489.0,31.8749,31.7659,31.8749,23.8586,23.8586,23.8586,74.8141,83.3585,68.0793,136.87475,184.3767,126.9187,56.8201,65.448,31.2058
26.0,2015, Pernambuco,68926.0,76098.0,52865.0,12390.0,8341.0,2502.0,145024.0,33.7821,31.089,34.2449,23.8586,23.8586,23.8586,74.8141,83.6652,68.0793,141.8359,184.3767,128.9363,56.8201,62.6321,31.2058
26.0,2016, Pernambuco,61838.0,68895.0,47776.0,10855.0,7574.0,2690.0,130733.0,33.9457,33.1797,34.2449,23.8586,23.8586,23.8586,71.5794,83.3585,64.3757,136.0034,170.1,122.499,45.4326,56.8201,31.2058
26.0,2017, Pernambuco,63863.0,72069.0,50825.0,10752.0,7535.0,2957.0,135932.0,33.9457,34.2449,32.5421,23.8586,23.8586,25.7668,74.8141,83.3585,61.0374,133.9918,138.6641,85.2347,45.4326,52.8738,31.2058
26.0,2018, Pernambuco,64424.0,73893.0,50154.0,11220.0,9037.0,3482.0,138317.0,34.2449,34.2449,34.2449,23.8586,23.8586,26.8237,74.1895,82.7269,60.3817,133.9918,133.9918,88.3927,41.2836,52.8738,29.6403
26.0,2019, Pernambuco,61283.0,72076.0,47072.0,12657.0,9286.0,3061.0,133359.0,35.8827,38.7487,34.2449,23.8586,23.8586,34.3060426198476,76.0109,83.0688,66.5752,133.9918,139.6357,115.6174,43.9654,43.9654,31.2058
26.0,2020, Pernambuco,58079.0,70402.0,46176.0,11772.0,9857.0,2597.0,128481.0,36.6106,47.546,29.9227,23.8586,23.8586,23.8586,74.8141,83.0688,62.384,133.9918,135.5907,122.1029,57.9111,98.218,31.2058
27.0,2012, Alagoas,29193.0,23317.0,12776.0,7812.0,1572.0,1157.0,52510.0,40.0265,40.0071,40.99,28.0202,28.0202,28.0202,77.4886,75.2611,77.6507,56.2496,56.2496,56.2496,40.0071,40.0071,38.0953
27.0,2013, Alagoas,28566.0,23922.0,13591.0,7684.0,1457.0,1190.0,52488.0,39.2156,40.0071,38.0953,28.0202,29.1076,28.0202,77.4886,75.2611,77.6507,56.2496,61.5857,56.2496,38.0953,40.0071,38.0953
27.0,2014, Alagoas,28748.0,23111.0,13676.0,6825.0,1398.0,1212.0,51859.0,37.1441,39.2156,36.0689,28.0202,29.1076,28.0202,77.4886,77.4886,77.6507,56.2496,62.6348,47.95,38.0953,40.0071,38.0953
27.0,2015, Alagoas,29280.0,22977.0,14157.0,6616.0,1297.0,907.0,52257.0,38.0953,40.0071,36.0689,28.6983,30.0889,28.0202,77.6507,77.6507,77.6507,62.1859,62.1859,61.5857,38.0953,57.8174,38.0953
27.0,2016, Alagoas,26857.0,21307.0,12965.0,6038.0,1159.0,1145.0,48164.0,38.0953,39.2156,37.1441,29.1076,29.1076,28.6983,77.6507,77.4886,77.6507,62.2053,68.1762,62.1956,40.0071,44.3517,38.0953
27.0,2017, Alagoas,28431.0,21937.0,13674.0,5973.0,1259.0,1031.0,50368.0,38.0953,40.0071,36.0689,28.6983,29.1076,28.0202,77.6507,80.703,77.6507,65.4462,68.1762,62.1956,40.0071,40.0071,38.0953
27.0,2018, Alagoas,29132.0,23364.0,15080.0,6206.0,1182.0,896.0,52496.0,37.1441,40.0071,36.0689,28.6983,30.0889,28.0202,77.6507,77.4886,80.703,74.0044,74.0044,71.593,40.0071,40.0071,38.0953
27.0,2019, Alagoas,28129.0,21674.0,14114.0,5951.0,1023.0,586.0,49803.0,37.1441,39.2156,36.0689,29.1076,30.0889,32.9590229712323,80.703,77.4886,80.703,71.593,68.1762,71.593,44.3517,102.854,38.0953
27.0,2020, Alagoas,26780.0,21561.0,14144.0,5779.0,1032.0,606.0,48341.0,36.742,39.2156,36.0689,28.0202,28.0202,28.6983,80.703,77.4886,80.703,62.1859,62.1859,62.8955,40.0071,44.3517,38.0953
28.0,2012, Sergipe,14569.0,19539.0,10191.0,9188.0,0.0,160.0,34108.0,34.7583,28.5496,40.0581,27.3176,29.4134,20.8793,54.0195,37.364,62.0958,0,0,0,44.28325,118.8296,34.2433
28.0,2013, Sergipe,15227.0,19001.0,10095.0,8689.0,1.0,216.0,34228.0,35.0528,30.5966,37.7809,27.3176,20.8793,28.7029,60.3894,51.5027,62.3958,  NA,0,  NA,64.3511,322.4997,30.9014
28.0,2014, Sergipe,15165.0,19204.0,10540.0,8437.0,0.0,227.0,34369.0,34.7583,28.5496,38.0194,27.3176,20.8793,29.4134,53.6823,37.364,62.3958,0,0,0,47.2338,210.24565,30.9014
28.0,2015, Sergipe,14918.0,19999.0,9923.0,9726.0,0.0,350.0,34917.0,35.0528,28.5496,39.4989,26.4204,20.8793,28.5129,54.0882,39.4989,62.3958,0,0,0,30.7487,95.9641,6.4669
28.0,2016, Sergipe,13682.0,18536.0,8685.0,9499.0,0.0,352.0,32218.0,37.364,29.4134,41.5842,27.3176,20.8793,28.7029,61.322,52.5985,67.4656,0,0,0,31.8668,182.2772,30.7487
28.0,2017, Sergipe,14187.0,19680.0,9270.0,10141.0,0.0,269.0,33867.0,37.364,30.5966,42.8114,27.3176,20.8793,28.7029,62.0958,48.7323,67.7992,0,0,0,74.9993,118.8296,32.4981
28.0,2018, Sergipe,14349.0,19907.0,8631.0,11038.0,0.0,238.0,34256.0,39.4989,30.5966,43.217,27.3176,20.8793,27.3176,67.4656,54.0882,67.7992,0,0,0,74.9993,95.9641,32.4981
28.0,2019, Sergipe,12857.0,19840.0,7658.0,11966.0,0.0,216.0,32697.0,44.5931,38.0194,47.1722,23.9378,20.8793,33.9363465145081,67.7992,67.7992,68.507,0,0,0,74.9993,199.1397,31.3841
28.0,2020, Sergipe,12640.0,19144.0,8623.0,10325.0,0.0,196.0,31784.0,37.364,30.5966,43.217,27.3176,20.8793,30.5966,61.322,52.5985,67.7992,0,0,0,74.9993,105.9655,30.9014
29.0,2012, Bahia,146094.0,63905.0,42900.0,9200.0,7257.0,4548.0,209999.0,52.0101,51.0044,52.9572,42.6139,44.7712,41.2364,65.9867,55.7099,71.0151,111.7134,142.5351,93.5781,84.8575,64.2364,92.0187
29.0,2013, Bahia,141117.0,62225.0,41160.0,9492.0,6919.0,4654.0,203342.0,52.0101,51.0044,52.0101,42.6139,42.1769,44.3662,62.1234,51.0044,71.0151,115.4847,161.5881,88.5374,92.0187,64.2364,92.7576
29.0,2014, Bahia,140393.0,63641.0,42534.0,9426.0,6993.0,4688.0,204034.0,52.9709,52.9709,53.3692,44.7712,42.6139,46.0994,63.433,51.0044,86.0395,115.2345,166.2906,83.0826,84.8575,64.2364,84.8575
29.0,2015, Bahia,142131.0,64524.0,43586.0,9565.0,6768.0,4605.0,206655.0,53.3152,51.213,54.6794,45.4565,42.4876,47.638,63.0229,51.0044,89.37625,115.2345,156.1054,89.9195,84.8575,64.2364,92.0187
29.0,2016, Bahia,137568.0,62262.0,42365.0,9321.0,6317.0,4259.0,199830.0,53.8231,51.0044,57.0806,47.638,41.2364,50.6885,65.9867,51.0044,98.13235,115.2345,158.44625,89.9195,92.7576,64.2364,98.6445
29.0,2017, Bahia,141338.0,62758.0,42742.0,9297.0,6159.0,4560.0,204096.0,54.829,52.9709,56.5925,48.4186,42.6139,49.1874,68.429,51.0044,100.8179,115.4847,161.5881,91.7172,92.0187,64.2364,92.7576
29.0,2018, Bahia,142663.0,62669.0,41882.0,9559.0,6462.0,4766.0,205332.0,56.5112,52.9709,59.7156,48.4186,42.0818,50.6885,79.0775,56.5194,102.7347,115.2345,150.5832,90.7283,92.7576,64.2364,92.7576
29.0,2019, Bahia,135233.0,62016.0,40334.0,10086.0,6912.0,4684.0,197249.0,59.7201,56.4844,60.7023,50.1456,45.0288,59.777091574954,82.66425,56.5194,102.7347,129.4726,162.2806,105.2226,99.4419,92.0187,102.2616
29.0,2020, Bahia,129416.0,59544.0,39338.0,8784.0,6584.0,4838.0,188960.0,57.9496,54.8734,59.7156,50.1456,44.6207,51.213,70.1098,56.5194,100.8179,125.6318,157.5368,101.6162,81.9549,64.2364,92.7576
31.0,2012, Minas Gerais,174676.0,85868.0,55564.0,23946.0,4524.0,1834.0,260544.0,33.3064,34.1108,33.3064,33.3064,33.1304,33.3064,35.5481,36.7053,30.263,99.1994,99.01345,99.1994,62.5934,101.1118,34.3219
31.0,2013, Minas Gerais,170074.0,88561.0,56672.0,25509.0,4490.0,1890.0,258635.0,33.3064,34.1182,33.3064,33.2361,32.9623,33.3064,35.5481,39.3868,30.263,104.6744,104.6744,104.3167,57.0424,81.62535,34.3219
31.0,2014, Minas Gerais,173158.0,93972.0,61297.0,25800.0,4790.0,2085.0,267130.0,33.748,34.6561,33.3064,33.3064,33.3064,33.3064,35.5481,39.4601,30.263,101.2592,104.6744,98.8275,57.7843,113.7832,25.5347
31.0,2015, Minas Gerais,172072.0,96233.0,61916.0,27465.0,4899.0,1953.0,268305.0,34.3956,35.0764,33.3064,33.3064,33.3064,33.3064,35.5741,41.1734,30.263,102.0388,102.0388,99.1994,68.6631,110.8987,29.9575
31.0,2016, Minas Gerais,161827.0,91693.0,59839.0,25033.0,4918.0,1903.0,253520.0,34.6561,34.8864,33.752,33.3064,33.3064,33.3064,36.7053,41.1734,30.3962,104.6744,104.6744,107.3043,75.60115,108.8955,34.3851
31.0,2017, Minas Gerais,166281.0,94678.0,61909.0,25688.0,5170.0,1911.0,260959.0,34.811,35.0934,33.9992,33.3064,33.3064,33.3064,36.7053,43.4578,35.5481,99.5955,102.0388,99.1994,68.6631,88.841,45.6552
31.0,2018, Minas Gerais,167048.0,96592.0,63459.0,25877.0,5231.0,2025.0,263640.0,35.3489,35.9687,33.3064,33.3064,33.3064,33.3064,40.2029,47.3821,33.9992,100.9998,99.1994,103.9768,75.2229,104.2272,34.3219
31.0,2019, Minas Gerais,161862.0,95030.0,62796.0,25413.0,4934.0,1887.0,256892.0,35.5481,36.7813,33.3064,33.3064,33.3064,42.7338807673413,41.1734,51.4816,32.3796,103.9768,99.1994,121.3749,80.1901,108.6127,38.4409
31.0,2020, Minas Gerais,156089.0,91109.0,60765.0,23819.0,4896.0,1629.0,247198.0,35.5481,36.7813,33.441,33.3064,33.3064,33.3064,40.2029,47.937,33.9992,99.1994,96.5436,103.9768,83.795,100.4134,79.4419
32.0,2012, Espírito Santo,31566.0,21269.0,19008.0,0.0,1774.0,487.0,52835.0,30.1498,31.5105,30.1498,30.1498,29.8763,30.1498,0.0,0.0,0.0,60.8357,108.9586,52.1407,46.4677,56.7956,45.9968
32.0,2013, Espírito Santo,30816.0,23249.0,20674.0,0.0,1928.0,647.0,54065.0,30.1498,33.2539,29.8763,30.1498,30.1498,29.8763,0.0,0.0,0.0,60.8357,92.9345,52.1407,41.5563,55.8751,34.2972
32.0,2014, Espírito Santo,32449.0,24099.0,21334.0,0.0,2102.0,663.0,56548.0,30.1498,34.6575,30.1498,30.1498,33.2539,29.8763,0.0,0.0,0.0,67.2569,108.9288,54.17425,45.9968,55.8751,34.2972
32.0,2015, Espírito Santo,32851.0,24090.0,21286.0,0.0,2034.0,770.0,56941.0,30.1498,33.2539,30.1498,30.1498,31.5105,29.8763,0.0,0.0,0.0,82.8389,110.5073,56.4823,41.5543,57.7161,21.7687
32.0,2016, Espírito Santo,30793.0,22620.0,19929.0,0.0,2021.0,670.0,53413.0,30.1498,37.5453,30.1498,30.1498,33.2539,29.8763,0.0,0.0,0.0,83.6688,125.0036,60.8357,37.1272,48.6508,21.7687
32.0,2017, Espírito Santo,32377.0,23469.0,20715.0,0.0,2131.0,623.0,55846.0,30.1498,37.5453,30.1498,30.1498,33.2539,29.8763,0.0,0.0,0.0,92.9345,125.0036,60.8357,37.1272,41.5563,31.5872
32.0,2018, Espírito Santo,32827.0,23894.0,20880.0,0.0,2323.0,691.0,56721.0,30.4614,37.5453,30.1498,30.1498,33.2539,30.1498,0.0,0.0,0.0,114.0689,130.4635,62.0364,40.1017,57.7161,21.7687
32.0,2019, Espírito Santo,31467.0,23458.0,20253.0,0.0,2508.0,697.0,54925.0,31.5105,38.7762,30.1498,30.1498,34.6575,31.4227260434057,0.0,0.0,0.0,125.0036,130.4635,60.8357,37.1272,57.7161,21.7687
32.0,2020, Espírito Santo,31573.0,22194.0,18969.0,0.0,2597.0,628.0,53767.0,33.2539,45.5148,29.8763,30.1498,37.5453,29.8763,0.0,0.0,0.0,125.0036,130.4635,71.4371,45.9968,57.7161,34.9996
33.0,2012, Rio de Janeiro,168285.0,54574.0,46106.0,5144.0,2816.0,508.0,222859.0,20.8512,20.8512,24.0147,20.5514,20.8512,15.3482,28.5448,37.6284,24.4013,72.2052,125.1814,45.7365,100.2177,100.2177,419.2119
33.0,2013, Rio de Janeiro,167588.0,56443.0,48306.0,5081.0,2665.0,391.0,224031.0,20.8512,20.8512,18.3196,16.3059,20.8512,14.3576,28.5448,37.6284,24.4013,81.281,126.4701,45.7365,112.225,94.7248,338.2426
33.0,2014, Rio de Janeiro,174681.0,58903.0,50150.0,5322.0,2947.0,484.0,233584.0,20.8512,21.7066,20.5514,16.1628,20.8512,14.3576,34.2078,37.6284,24.4013,81.281,125.1814,52.1925,120.1724,92.50615,376.83985
33.0,2015, Rio de Janeiro,175212.0,61748.0,52712.0,5235.0,3337.0,464.0,236960.0,21.1811,22.8379,20.8512,20.5514,20.8512,14.3576,37.2838,37.6284,24.4013,81.281,118.0525,45.7365,94.7248,76.5896,284.9058
33.0,2016, Rio de Janeiro,161794.0,57335.0,48786.0,5004.0,3069.0,476.0,219129.0,21.1811,22.4158,20.8512,20.5514,20.8512,14.7291,37.2838,37.6284,24.4013,74.7969,118.0525,45.7365,95.9087,94.7248,217.7811
33.0,2017, Rio de Janeiro,164603.0,58621.0,50106.0,4991.0,3023.0,501.0,223224.0,21.7066,22.8379,20.8512,20.8512,20.8512,14.7291,34.2078,37.6284,24.4013,78.1314,113.4341,45.7365,76.5896,76.5896,96.7535
33.0,2018, Rio de Janeiro,162595.0,57904.0,49341.0,5076.0,2967.0,520.0,220499.0,21.7108,22.8379,20.8512,20.8512,20.8512,15.3482,36.3278,37.6284,24.4013,78.1314,113.4341,52.1925,78.5464,76.5896,172.6071
33.0,2019, Rio de Janeiro,153590.0,54399.0,46335.0,4566.0,3037.0,461.0,207989.0,22.0628,22.8379,20.8512,20.8512,20.8512,21.3116295594327,37.6284,37.6284,28.5448,81.281,104.9553,52.1925,78.5464,76.5896,369.3628
33.0,2020, Rio de Janeiro,147904.0,51220.0,43676.0,3965.0,3099.0,480.0,199124.0,21.7108,22.8379,21.1811,20.8512,20.8512,15.8369,37.6284,37.6284,37.2838,81.281,104.9553,54.9272,76.5896,76.5896,219.98735
35.0,2012, São Paulo,478357.0,138251.0,90717.0,8447.0,38427.0,660.0,616608.0,21.8408,21.8112,22.631,16.9741,17.9975,16.9366,51.9789,57.1162,39.6633,23.2076,23.2076,23.2076,367.50185,421.68705,259.0049
35.0,2013, São Paulo,468299.0,142597.0,94341.0,8798.0,38829.0,629.0,610896.0,22.2275,21.8408,22.9047,17.5719,16.9741,18.8056,52.4383,56.9243,39.6633,23.2076,24.5649,23.2076,349.63685,284.933,521.9342
35.0,2014, São Paulo,476199.0,149488.0,97775.0,9325.0,41749.0,639.0,625687.0,22.631,22.3005,23.065,18.0238,17.8582,18.8056,52.4383,54.8626,40.3024,27.3927,27.3927,23.2076,338.2426,373.92405,203.0524
35.0,2015, São Paulo,481029.0,152997.0,101626.0,9553.0,41130.0,688.0,634026.0,22.9047,22.631,23.151,18.9592,18.8752,19.5344,54.6239,57.2577,48.29,26.0109,26.0328,24.2351,277.275,277.275,288.1708
35.0,2016, São Paulo,454466.0,146971.0,97163.0,9693.0,39468.0,647.0,601437.0,23.151,23.151,22.805,19.5671,19.5671,19.274,56.3991,57.2577,52.2485,27.0311,27.3927,26.7174,300.6808,269.8965,404.2756
35.0,2017, São Paulo,462771.0,149032.0,99308.0,10314.0,38742.0,668.0,611803.0,23.151,23.151,21.3768,19.6024,20.2629,16.9741,54.5417,57.1162,41.0152,26.7174,26.7183,26.0109,217.3523,214.0552,220.4072
35.0,2018, São Paulo,458352.0,147794.0,98064.0,11251.0,37761.0,718.0,606146.0,23.151,23.151,21.642,19.828,21.0339,16.9741,53.5528,57.1162,39.6633,27.3927,27.3927,26.0109,255.092,177.7988,452.89565
35.0,2019, São Paulo,439354.0,143837.0,95709.0,11027.0,36412.0,689.0,583191.0,23.151,23.151,22.0392,19.828,20.9979,21.8480043555699,56.3991,57.2577,39.6633,28.0441,28.0441,26.0109,224.8366,202.5008,329.034
35.0,2020, São Paulo,415117.0,137193.0,90381.0,10620.0,35553.0,639.0,552310.0,23.151,23.151,23.151,20.3892,20.3892,20.87355,57.1162,58.434,42.0443,28.0441,27.3927,28.684,218.4582,177.2138,404.2756
41.0,2012, Paraná,113751.0,40194.0,35124.0,3137.0,1133.0,800.0,153945.0,29.5441,33.6064,23.6549,26.65325,22.0048,30.7732,73.8697,79.8449,48.1159,72.1506,114.9932,65.9162,35.2556,63.1226,34.4776
41.0,2013, Paraná,110946.0,44812.0,39266.0,3164.0,1348.0,1034.0,155758.0,29.5441,33.6064,23.949,28.0044,31.0473,23.6549,74.2955,79.8581,52.5453,69.5881,113.1199,41.4281,15.9182,63.1226,15.9182
41.0,2014, Paraná,110604.0,49311.0,43292.0,3302.0,1392.0,1325.0,159915.0,30.1058,34.3758,25.6298,29.5441,32.677,24.7207,81.651,85.179,69.5048,69.5881,113.1791,43.8908,15.9182,70.6225,15.9182
41.0,2015, Paraná,109013.0,51934.0,45504.0,3825.0,1235.0,1370.0,160947.0,31.0473,35.1842,28.5534,29.6178,31.9435,27.1303,81.9793,88.7978,68.3754,73.5768,114.8651,67.1536,15.9182,39.1149,15.9182
41.0,2016, Paraná,104040.0,51026.0,45113.0,3719.0,986.0,1208.0,155066.0,31.6635,37.2226,28.2009,29.897,33.5671,26.282,85.0145,90.5733,65.9224,75.32735,102.8889,54.7979,26.8362,49.04495,15.9182
41.0,2017, Paraná,103576.0,54125.0,47745.0,4112.0,1053.0,1215.0,157701.0,33.2803,40.2272,29.5441,30.3013,33.6714,28.2009,85.614,90.5733,69.1086,75.1598,105.7125,60.2578,33.2946,43.1577,24.4465
41.0,2018, Paraná,100712.0,55489.0,49192.0,4152.0,1063.0,1082.0,156201.0,33.6064,41.5218,29.5441,31.4198,35.8282,29.5441,88.9919,90.5733,69.5048,72.254,101.6231,41.8684,23.1198,48.3952,13.226
41.0,2019, Paraná,97491.0,55978.0,49812.0,4026.0,1106.0,1034.0,153469.0,35.1088,42.1619,27.1303,32.677,38.8186,32.7200755737818,90.5733,90.5733,84.1955,72.254,98.01,43.8908,24.9051,69.5789,13.226
41.0,2020, Paraná,93139.0,53152.0,47285.0,3930.0,981.0,956.0,146291.0,35.0257,42.524,26.0373,32.6715,39.7803,23.9084,90.5733,90.6676,76.2618,72.892,101.6231,41.8684,24.4465,46.9141,13.226
42.0,2012, Santa Catarina,57624.0,31148.0,26850.0,1652.0,1840.0,806.0,88772.0,21.4618,26.1202,20.1829,20.8295,18.5857,23.1313,40.3458,55.5198,27.6281,46.3415,67.61925,35.4891,41.304,38.7961,109.6828
42.0,2013, Santa Catarina,57465.0,32410.0,28146.0,1662.0,1849.0,753.0,89875.0,22.4625,26.3402,20.6146,20.9565,23.4182,18.9563,43.236,54.621,28.2464,57.9364,76.1945,43.2926,41.304,41.304,190.9337
42.0,2014, Santa Catarina,58612.0,34620.0,30245.0,1651.0,1974.0,750.0,93232.0,21.5336,25.2673,21.066,20.8295,21.1808,19.5152,43.6053,53.883,28.4676,53.738,67.7048,40.9274,44.5417,41.304,213.1682
42.0,2015, Santa Catarina,60273.0,36950.0,32181.0,1908.0,2106.0,755.0,97223.0,22.4625,25.2267,21.1575,20.9565,21.1808,19.5152,44.3327,53.6862,28.8458,59.3231,66.1132,47.124,47.1489,41.304,173.0637
42.0,2016, Santa Catarina,58876.0,36437.0,31736.0,2096.0,1921.0,684.0,95313.0,23.4182,25.2673,21.1575,21.066,21.2528,19.5152,43.03155,53.6862,28.2464,65.4927,69.017,56.4862,44.5417,44.5417,223.4633
42.0,2017, Santa Catarina,59448.0,38887.0,33869.0,2205.0,1915.0,898.0,98335.0,24.4231,25.2267,21.1575,21.1575,21.2528,21.066,45.3871,53.883,30.3252,57.9364,75.5545,44.4031,44.5417,44.5417,55.5079
42.0,2018, Santa Catarina,60152.0,39457.0,34069.0,2369.0,1953.0,1066.0,99609.0,24.9407,25.2673,21.1575,21.1575,21.1808,21.066,50.3014,53.883,32.7807,56.8635,65.35045,48.3,43.6345,44.5417,33.5961
42.0,2019, Santa Catarina,58689.0,39343.0,34227.0,2245.0,1827.0,1044.0,98032.0,25.1888,25.3215,22.18965,21.1808,21.3298,28.6564031103705,51.5787,53.883,33.012,65.9677,78.7156,50.8864,41.304,43.6345,33.5961
42.0,2020, Santa Catarina,58755.0,39161.0,33895.0,2465.0,1805.0,996.0,97916.0,25.1888,25.2673,21.4618,21.1575,21.2528,21.1575,46.779,53.6862,33.8742,62.399,65.4927,54.16295,44.5417,44.5417,33.5961
43.0,2012, Rio Grande do Sul,101369.0,37572.0,24606.0,10918.0,1931.0,117.0,138941.0,25.5552,25.5552,28.0052,24.0002,22.7506,25.5552,36.2481,32.1152,44.0598,108.964,143.3377,41.196,142.4774,208.36585,50.6383
43.0,2013, Rio Grande do Sul,101672.0,39678.0,26079.0,11255.0,2203.0,141.0,141350.0,25.5552,25.5552,26.2359,24.7275,25.5552,22.7506,32.1152,32.1152,36.9379,108.964,148.5348,38.0566,119.4824,190.14895,54.9478
43.0,2014, Rio Grande do Sul,101587.0,41728.0,27357.0,11975.0,2253.0,143.0,143315.0,25.892,27.2226,25.0147,24.8978,25.5552,21.5303,34.2179,32.1152,38.39,99.4225,134.1131,36.8982,160.1788,258.865,87.7182
43.0,2015, Rio Grande do Sul,105019.0,43340.0,28778.0,12062.0,2330.0,170.0,148359.0,27.2851,28.5784,25.1108,25.4312,25.5552,23.7671,34.6501,34.6501,34.6501,97.5209,127.3774,38.0566,98.0452,98.0452,73.44055
43.0,2016, Rio Grande do Sul,99887.0,41524.0,27823.0,11315.0,2228.0,158.0,141411.0,27.4743,28.8368,25.5564,25.3995,25.5552,24.0002,36.8739,36.2463,40.50555,93.4923,118.1541,37.7624,88.17905,99.29365,63.37915
43.0,2017, Rio Grande do Sul,99154.0,42414.0,28431.0,11588.0,2223.0,172.0,141568.0,29.8391,30.1413,28.0052,25.5552,25.5552,25.0147,36.2463,36.2463,36.9379,90.9086,113.6928,38.0566,98.0452,145.84635,50.5668
43.0,2018, Rio Grande do Sul,96735.0,43312.0,29104.0,11523.0,2487.0,198.0,140047.0,30.1007,30.422,29.3674,25.5552,25.5552,25.5552,36.0592,34.9953,38.5779,96.3997,116.1108,37.3389,95.8584,117.5836,50.82235
43.0,2019, Rio Grande do Sul,92099.0,42497.0,28576.0,11311.0,2413.0,197.0,134596.0,30.422,30.422,32.1152,25.5552,25.5552,34.0212069411532,36.9379,35.8542,49.268,95.4512,118.1541,47.0501,98.0452,119.4824,50.5668
43.0,2020, Rio Grande do Sul,88979.0,41763.0,28678.0,10562.0,2250.0,273.0,130742.0,30.422,30.422,32.1152,25.5552,25.5552,29.3674,36.9379,36.9379,41.8226,90.9086,123.2278,42.3095,98.0452,98.0452,55.14485
50.0,2012, Mato Grosso do Sul,37318.0,4934.0,4170.0,0.0,306.0,458.0,42252.0,73.8508,79.0352,69.7887,69.7887,64.2045,73.8508,0.0,0.0,0.0,196.3066,196.3066,196.3066,119.65995,129.64775,119.5898
50.0,2013, Mato Grosso do Sul,37058.0,5238.0,4360.0,0.0,373.0,505.0,42296.0,73.8508,74.8175,69.7887,66.1763,72.1358,62.1593,0.0,0.0,0.0,196.3066,196.3066,230.4662,132.8518,132.8518,119.5898
50.0,2014, Mato Grosso do Sul,38228.0,5830.0,4848.0,0.0,405.0,577.0,44058.0,73.8508,78.3812,72.1358,66.1763,73.8508,62.1593,0.0,0.0,0.0,196.3066,204.47555,196.3066,119.5898,130.2914,98.7986
50.0,2015, Mato Grosso do Sul,38158.0,5984.0,5028.0,0.0,374.0,582.0,44142.0,73.8508,90.542,73.8508,72.1358,73.8508,64.2045,0.0,0.0,0.0,230.4662,196.3066,245.4016,132.8518,133.96745,102.35415
50.0,2016, Mato Grosso do Sul,36290.0,6142.0,5232.0,0.0,391.0,519.0,42432.0,73.8508,78.3812,72.1358,67.5632,73.8508,62.1593,0.0,0.0,0.0,196.3066,230.4662,196.3066,119.5898,129.1658,112.81255
50.0,2017, Mato Grosso do Sul,37901.0,6846.0,5830.0,0.0,411.0,605.0,44747.0,73.8508,73.8508,73.8508,72.1358,72.1358,72.1358,0.0,0.0,0.0,206.7734,202.1777,230.4662,119.5898,119.5898,106.0353
50.0,2018, Mato Grosso do Sul,37414.0,6861.0,5904.0,0.0,335.0,622.0,44275.0,73.8508,73.8508,73.8508,73.8508,72.1358,73.8508,0.0,0.0,0.0,244.5868,213.67785,281.0352,94.4793,119.5898,94.4793
50.0,2019, Mato Grosso do Sul,37017.0,6678.0,5715.0,0.0,404.0,559.0,43695.0,78.3812,90.542,73.8508,73.8508,74.6757,93.2598023680124,0.0,0.0,0.0,230.4662,230.4662,230.4662,132.8518,132.8518,121.53025
50.0,2020, Mato Grosso do Sul,34928.0,6380.0,5488.0,0.0,346.0,546.0,41308.0,79.0352,94.7829,73.8508,73.8508,90.542,73.8508,0.0,0.0,0.0,230.4662,250.5124,196.3066,129.1658,132.8518,96.1724
51.0,2012, Mato Grosso,37662.0,13594.0,11053.0,1276.0,738.0,527.0,51256.0,51.8039,7.4376,72.2018,38.0271,51.8039,7.4376,156.9436,210.3811,144.5304,258.1802,348.0959,239.0366,155.7691,342.4958,155.7691
51.0,2013, Mato Grosso,38933.0,14106.0,11220.0,1499.0,839.0,548.0,53039.0,61.3866,30.62485,74.0686,39.7652,7.4376,51.8039,156.9436,202.9043,156.9436,258.1802,354.8974,239.0366,155.7691,270.4486,155.7691
51.0,2014, Mato Grosso,40972.0,15527.0,12300.0,1776.0,894.0,557.0,56499.0,66.8981,34.1525,76.3608,40.9054,7.4376,60.4843,156.9436,204.8523,154.7104,258.1802,258.1802,239.0366,174.0408,385.3849,174.0408
51.0,2015, Mato Grosso,40903.0,15770.0,12303.0,2042.0,916.0,509.0,56673.0,69.8756220863458,48.3368,76.3608,40.9054,7.4376,60.7448,165.1659,202.9043,156.9436,258.1802,315.7174,239.0366,200.8223,514.8741,174.0408
51.0,2016, Mato Grosso,38737.0,14794.0,11423.0,1976.0,823.0,572.0,53531.0,71.4168,56.4876072847985,85.2099,46.9991,30.418,60.4843,161.9562,202.9043,156.9436,258.1802,338.7411,239.0366,253.0412,407.823,193.0701
51.0,2017, Mato Grosso,41261.0,16010.0,12442.0,2135.0,940.0,493.0,57271.0,70.2808,59.1038,84.5787,46.9991,30.418,60.4843,156.9436,202.9043,156.9436,275.098,338.7411,258.1802,314.0527,342.4958,258.4065
51.0,2018, Mato Grosso,42828.0,15821.0,12352.0,1866.0,1071.0,532.0,58649.0,75.3751,65.661,85.2099,51.8039,38.0271,61.3866,159.5976,174.2238,156.9436,258.1802,315.7174,239.0366,318.63255,385.3849,227.04
51.0,2019, Mato Grosso,43163.0,15689.0,12217.0,1961.0,1053.0,458.0,58852.0,76.9738686434665,70.0972,89.4652,51.8363,38.0271,85.9662543056227,181.7221,202.9043,156.9436,258.1802,258.1802,211.9908,385.3849,572.0327,288.06795
51.0,2020, Mato Grosso,41089.0,15948.0,12643.0,1898.0,948.0,459.0,57037.0,75.3751,65.1743,92.0076,54.3720225607514,38.0271,70.2027,161.9562,202.9043,156.9436,258.1802,258.1802,211.9908,399.1212,824.5434,174.0408
52.0,2012, Goiás,60497.0,32777.0,9284.0,1778.0,8133.0,13582.0,93274.0,45.5177,47.5387,40.1803,40.1803,40.1803,36.5273,114.44155,138.9393,102.2075,18.5967,18.5967,18.5967,47.5387,47.5387,57.4255
52.0,2013, Goiás,60449.0,34373.0,9900.0,1971.0,8712.0,13790.0,94822.0,45.5177,47.5387,40.1803,38.3757,36.5273,40.1803,102.2075,118.7312,102.2075,18.5967,21.2427,18.5967,49.2875,47.5387,57.4255
52.0,2014, Goiás,62942.0,36856.0,10134.0,2266.0,9738.0,14718.0,99798.0,45.5177,47.5387,38.604,38.3757,36.5273,38.604,102.2075,109.1462,102.2075,18.5967,21.2427,18.5967,47.5387,47.5387,57.4255
52.0,2015, Goiás,63659.0,37013.0,10298.0,2403.0,10031.0,14281.0,100672.0,45.5177,47.5387,38.3757,38.5747,36.5273,40.1803,102.2075,121.9314,102.2075,18.5967,21.2427,18.5967,47.5387,47.5387,57.4255
52.0,2016, Goiás,58935.0,36628.0,10336.0,2490.0,10629.0,13173.0,95563.0,45.5177,47.5387,35.4342,38.3511,34.6187,40.1803,102.2075,125.36565,102.2075,18.5967,33.2252,18.5967,47.5387,47.5387,57.4255
52.0,2017, Goiás,61257.0,36263.0,11016.0,2451.0,9558.0,13238.0,97520.0,45.5177,47.5387,36.3097,36.5273,36.5273,36.0197,102.2075,108.9162,102.2075,18.5967,67.2545,18.5967,47.5387,47.5387,57.4255
52.0,2018, Goiás,61244.0,37628.0,11196.0,2491.0,10435.0,13506.0,98872.0,45.5177,47.5387,35.5164,37.8461,42.1125,36.0908,102.2075,118.7312,102.2075,18.5967,67.2545,18.5967,47.5387,47.5387,59.4445
52.0,2019, Goiás,58846.0,37266.0,10978.0,2658.0,9985.0,13645.0,96112.0,45.5177,47.5387,35.6701,38.3511,41.8135,48.7113418337089,102.2075,128.7999,102.2075,21.2427,81.2437,18.5967,47.5387,47.5387,111.352
52.0,2020, Goiás,55857.0,36911.0,10737.0,2593.0,9955.0,13626.0,92768.0,45.5177,47.5387,35.6701,36.5273,38.604,36.0197,102.2075,128.7999,102.2075,21.2427,57.328,18.5967,47.5387,47.5387,111.352
53.0,2012, Distrito Federal,42765.0,732.0,0.0,0.0,0.0,732.0,43497.0,59.4445,595.08605,57.4255,0.0,0.0,0.0,0.0,0.0,0.0,0,0,0,59.4445,595.08605,57.4255
53.0,2013, Distrito Federal,43866.0,664.0,0.0,0.0,0.0,664.0,44530.0,59.4445,533.7222,51.4716,0.0,0.0,0.0,0.0,0.0,0.0,0,0,0,59.4445,533.7222,51.4716
53.0,2014, Distrito Federal,44101.0,620.0,0.0,0.0,0.0,617.0,44721.0,59.4445,203.8421,57.4255,0.0,0.0,0.0,0.0,0.0,0.0,0,0,0,59.4445,203.8421,57.4255
53.0,2015, Distrito Federal,45437.0,685.0,0.0,0.0,0.0,685.0,46122.0,57.4255,203.8421,57.4255,0.0,0.0,0.0,0.0,0.0,0.0,0,0,0,57.4255,203.8421,57.4255
53.0,2016, Distrito Federal,42740.0,600.0,0.0,0.0,0.0,600.0,43340.0,57.4255,984.71935,57.4255,0.0,0.0,0.0,0.0,0.0,0.0,0,0,0,57.4255,984.71935,57.4255
53.0,2017, Distrito Federal,43936.0,632.0,0.0,0.0,0.0,632.0,44568.0,59.4445,630.9488,57.4255,0.0,0.0,0.0,0.0,0.0,0.0,0,0,0,59.4445,630.9488,57.4255
53.0,2018, Distrito Federal,43566.0,629.0,0.0,0.0,0.0,629.0,44195.0,77.9702,203.8421,59.4445,0.0,0.0,0.0,0.0,0.0,0.0,0,0,0,77.9702,203.8421,59.4445
53.0,2019, Distrito Federal,41839.0,583.0,0.0,0.0,0.0,583.0,42422.0,77.9702,218.4823,57.4255,0.0,0.0,0.0,0.0,0.0,0.0,0,0,0,77.9702,218.4823,57.4255
53.0,2020, Distrito Federal,38810.0,551.0,0.0,0.0,0.0,551.0,39361.0,77.9702,434.1806,59.4445,0.0,0.0,0.0,0.0,0.0,0.0,0,0,0,77.9702,434.1806,59.4445
55.0,2012,Brasil,2073510.0,832279.0,564718.0,137575.0,92448.0,37538.0,2905789.0,33.1893,31.9724,34.2449,27.7387,25.5616,29.7402,59.9315,59.2002,60.981,43.9057,41.2799,57.328,57.4255,52.8738,65.3903
55.0,2013,Brasil,2049220.0,854807.0,583774.0,139608.0,93572.0,37853.0,2904027.0,33.2539,31.9686,34.5686,27.7387,25.5552,30.1498,59.6092,57.9314,61.2082490408636,44.9414,42.265,51.3334,57.4255,52.9709,69.2989
55.0,2014,Brasil,2080356.0,898903.0,612377.0,145245.0,100979.0,40299.0,2979259.0,33.4455,32.6548,34.8796,28.1714,25.7949,30.1498,60.9427,58.0425,66.6538,46.0626,42.4207,52.1407,57.4255,49.2875,71.7829
55.0,2015,Brasil,2091236.0,926432.0,630310.0,153936.0,102282.0,39904.0,3017668.0,33.9685,32.624,35.8827,28.3064,25.7949,30.7115,61.6181,59.4167,67.00815,50.9885,43.7971,62.2285,57.4255,49.2875,73.4855
55.0,2016,Brasil,1970108.0,887692.0,602886.0,147733.0,98628.0,38445.0,2857800.0,34.3066,32.8329,36.809,28.7044,25.8756,31.0688,63.4055,60.3817,68.2323,47.8946,42.4207,58.5584,57.4255,49.2875,73.4855
55.0,2017,Brasil,2009446.0,914089.0,625748.0,151260.0,97695.0,39386.0,2923535.0,34.6575,33.3064,36.6106,28.8067,26.3626,31.3293,64.3287,62.1234,67.7992,52.0721,46.3023,64.882145133,57.557389,49.2875,74.4073
55.0,2018,Brasil,2012035.0,932897.0,634598.0,156485.0,100624.0,41190.0,2944932.0,35.3925,34.3066,36.4592,29.1972,26.9448,31.2666,65.7416,64.4338,67.7616,56.4664,51.0916,65.288,57.9111,49.2875,74.032
55.0,2019,Brasil,1935428.0,913718.0,619672.0,155630.0,98629.0,39787.0,2849146.0,36.1715,35.7698,36.9044,29.7253,28.0202,31.3556,67.7992,66.3637,68.2323,61.8158,58.5027,68.8325,59.4445,57.4255,73.4855
55.0,2020,Brasil,1849790.0,880355.0,880355.0,599330.0,146790.0,95975.0,2730145.0,36.4166,36.0792,36.809,30.1058,28.3064,31.4198,66.705,65.1661,67.7616,58.7912,56.2771,64.8821451337,57.7843,53.4152,74.0322
